Food,Serving,Calories
Artichoke,1 artichoke (128 g),60 cal
Arugula,1 leaf (2 g),1 cal
Asparagus,1 spear (12 g),2 cal
Aubergine,1 aubergine (458 g),115 cal
Beetroot,1 beet (82 g),35 cal
Bell Pepper,1 pepper (73 g),15 cal
Black Olives,1 olive (2.7 g),2 cal
Broccoli,1 bunch (608 g),207 cal
Brussels Sprouts,1 sprout (19 g),8 cal
Cabbage,1 head (908 g),227 cal
Capsicum,1 pepper (45 g),12 cal
Carrot,1 carrot (61 g),25 cal
Cauliflower,1 floweret (13 g),3 cal
Celery,1 stalk (40 g),6 cal
Chard,1 leaf (48 g),9 cal
Cherry Tomato,1 cherry tomato (20 g),20 cal
Chicory,1 head (53 g),38 cal
Chinese Cabbage,1 head (840 g),134 cal
Chives,"1 tbsp, chopped (3 g)",1 cal
Collard Greens,"1 cup, raw (36 g)",12 cal
Corn,1 cup (154 g),562 cal
Courgette,1 courgette (196 g),33 cal
Creamed Spinach,1 cup (200 g),148 cal
Cucumber,1 cucumber (410 g),66 cal
Eggplant,1 eggplant (458 g),115 cal
Endive,1 head (513 g),87 cal
Fennel,1 bulb (234 g),73 cal
Garlic,1 clove (3 g),4 cal
Gherkin,1 gherkin (65 g),9 cal
Gourd,1 gourd (771 g),108 cal
Green Beans,1 cup (110 g),34 cal
Green Olives,1 olive (2.7 g),2 cal
Green Onion,1 green onion (15 g),5 cal
Horseradish,1 tbsp (15 g),7 cal
Kale,"1 cup, chopped (67 g)",33 cal
Kohlrabi,1 kohlrabi (400 g),108 cal
Kumara,1 kumara (130 g),112 cal
Leek,1 leek (89 g),54 cal
Lettuce,1 head (600 g),90 cal
Mushrooms,1 mushroom (5.4 g),1 cal
Mustard Greens,"1 cup, chopped (56 g)",15 cal
Nori,1 sheet (2.6 g),1 cal
Okra,1 pod (12 g),4 cal
Olives,1 olive (2.7 g),2 cal
Onion,1 onion (85 g),34 cal
Parsnips,1 parsnip (170 g),128 cal
Peas,1 cup (98 g),79 cal
Pepper,1 pepper (75 g),20 cal
Potato,1 potato (213 g),164 cal
Pumpkin,1 pumpkin (196 g),51 cal
Radishes,1 radish (4.5 g),1 cal
Red Cabbage,1 leaf (22 g),7 cal
Rutabaga,1 rutabaga (386 g),147 cal
Shallots,1 shallot (25 g),18 cal
Spinach,1 bunch (340 g),78 cal
Squash,1 squash (196 g),88 cal
Sweet Potato,1 potato (130 g),112 cal
Tomato,1 tomato (111 g),20 cal
Turnip Greens,1 turnip green (170 g),34 cal
Turnips,1 turnip (122 g),34 cal
Wasabi,1 root (169 g),184 cal
Winter Squash,1 squash (431 g),147 cal
Zucchini,1 zucchini (196 g),33 cal
Acai,1 oz. (28.35 g),20 cal
Apple,1 apple (182 g),95 cal
Applesauce,1 cup (246 g),167 cal
Apricot,1 apricot (35 g),17 cal
Avocado,1 avocado (200 g),320 cal
Banana,1 banana (125 g),111 cal
Blackberries,1 cup (144 g),62 cal
Blood Oranges,1 serving (140 g),70 cal
Blueberries,1 cup (148 g),84 cal
Cantaloupe,1 wedge (69 g),23 cal
Cherries,1 cherry (8 g),4 cal
Clementine,1 clementine (74 g),35 cal
Cranberries,1 cup (100 g),46 cal
Currants,1 cup (112 g),63 cal
Custard Apple,1 custard apple (135 g),136 cal
Dates,1 date (7.1 g),20 cal
Figs,1 fig (50 g),37 cal
Fruit salad,1 cup (249 g),125 cal
Grapes,1 cup (151 g),104 cal
Greengage,1 fruit (5 g),2 cal
Guava,1 guava (55 g),37 cal
Jackfruit,1 cup (151 g),143 cal
Jujube,1 oz. (28.35 g),22 cal
Kiwi,1 liwi (183 g),112 cal
Lemon,1 lemon (58 g),17 cal
Lime,1 lime (67 g),20 cal
Lychees,1 lychee (10 g),7 cal
Mandarin Oranges,1 mandarin orange (88 g),47 cal
Mango,1 mango (336 g),202 cal
Minneola,1 minneola (109 g),70 cal
Mulberries,1 cup (140 g),60 cal
Nectarine,1 nectarine (150 g),66 cal
Olives,1 olive (2.7 g),2 cal
Orange,1 orange (131 g),62 cal
Papaya,1 fruit (500 g),215 cal
Passion Fruit,1 passoin fruit (18 g),17 cal
Peach,1 peach (150 g),59 cal
Pear,1 pear (178 g),101 cal
Persimmon,1 fruit (25 g),32 cal
Physalis,1 berry (5 g),2 cal
Pineapple,1 pineapple (905 g),453 cal
Plantains,1 plantain (179 g),218 cal
Plum,1 plum (66 g),30 cal
Pomegranate,1 pomegranate (282 g),234 cal
Quince,1 quince (92 g),52 cal
Raisins,1 cup (145 g),434 cal
Rambutan,1 rambutan (9 g),7 cal
Raspberries,1 cup (123 g),64 cal
Rhubarb,1 stalk (51 g),11 cal
Starfruit,1 star fruit (91 g),28 cal
Strawberries,1 cup (152 g),49 cal
Tamarind,1 tamarind (2 g),5 cal
Tangerine,1 tangerine (88 g),47 cal
Watermelon,1 wedge (286 g),86 cal
Baby Back Ribs,1 serving (139 g),360 cal
Bacon and Eggs,1 serving (214 g),539 cal
Baked Beans,1 cup (260 g),244 cal
BBQ Ribs,1 rib (141 g),360 cal
Beef Stew,1 cup (196 g),186 cal
Biryani,1 cup (275 g),484 cal
Black Pudding,1 pudding (40 g),101 cal
Black Rice,1/2 cup (100 g),323 cal
BLT,1 item (240 g),593 cal
Brown Rice,1 cup (185 g),670 cal
Burrito,1 burrito (200 g),326 cal
Butter Chicken,1 tray (350 g),490 cal
California Roll,1 roll (35 g),33 cal
Chicken Caesar Salad,1 salad (309 g),392 cal
Chicken Fried Steak,1 steak (280 g),423 cal
Chicken Marsala,1 serving (2301 g),2209 cal
Chicken Parmesan,1 piece (227 g),250 cal
Chicken Pot Pie,1 pie (302 g),673 cal
Chicken Tikka Masala,1 serving (241 g),195 cal
Chili con Carne,1 cup (253 g),266 cal
Chimichanga,1 item (180 g),418 cal
Cobb Salad,1 serving (536 g),632 cal
Collard Greens,1 cup (45 g),13 cal
Corn Dog,1 item (175 g),438 cal
Corned Beef Hash,1 can (213 g),349 cal
Cottage Pie,1 pie (376 g),523 cal
Dal,1/2 cup (92 g),304 cal
Deviled Eggs,1/2 egg (31 g),62 cal
Dim Sum,1 piece (19 g),37 cal
Dosa,1 serving (435 g),287 cal
Enchiladas,1 enchilada (192 g),323 cal
Fajita,1 serving (248 g),290 cal
Fish and Chips,1 serving (300 g),585 cal
Fried Rice,1 serving (356 g),662 cal
Fried Shrimp,1 shrimp (27 g),75 cal
Grilled Cheese Sandwich,1 sandwich (136 g),392 cal
Ham and Cheese Sandwich,1 sandwich (146 g),352 cal
Hummus,1 cup (246 g),435 cal
Jambalaya,1 cup (250 g),250 cal
Kebab,1 kebab (360 g),774 cal
Lasagne,1 serving (215 g),284 cal
Mac and Cheese,1 serving (189 g),699 cal
Macaroni and Cheese,1 serving (189 g),699 cal
Mashed Potatoes,1 cup (210 g),174 cal
Meat Pie,1 pie (120 g),290 cal
Meatloaf,1 loaf (284 g),721 cal
Naan,1 bread (84 g),260 cal
Orange Chicken,1 serving (162 g),420 cal
Pad Thai,1 cup (250 g),375 cal
Paella,1/2 package (128 g),200 cal
Paratha,1 paratha (80 g),260 cal
Pea Soup,1 cup (253 g),190 cal
Peanut Butter Sandwich,1 sandwich (49 g),200 cal
Peking Duck,1/2 duck (178 g),401 cal
Philly Cheese Steak,1 sandwich (120 g),300 cal
Pizza,1 slice (102 g),272 cal
Pork Chop,1 chop (131 g),295 cal
Potato Salad,1/3 cup (95 g),136 cal
Pulled Pork Sandwich,1 sandwich (261 g),551 cal
Ramen,"1 package, dry (85 g)",380 cal
Ravioli,5 ravioli (66 g),134 cal
Reuben Sandwich,1 sandwich (308 g),641 cal
Roast Beef,1 slice (21 g),23 cal
Roast Dinner,1 slice (121 g),240 cal
Samosa,1 samosa (50 g),107 cal
Sausage Roll,1 roll (103 g),361 cal
Sausage Rolls,1 roll (34 g),101 cal
Shepherds Pie,1 pie (227 g),159 cal
Shrimp Cocktail,1 oz. (28 g),130 cal
Sloppy Joe,1/2 cup (142 g),101 cal
Sloppy Joes,1 bun (258 g),397 cal
Spaghetti Bolognese,1 serving (283 g),374 cal
Spring Roll,1 roll (140 g),350 cal
Spring Rolls,1 roll (140 g),350 cal
Taco,1 taco (98 g),213 cal
Tandoori Chicken,1 serving (175 g),198 cal
Yorkshire Pudding,1 pudding (15 g),83 cal
Amaranth,1 cup (193 g),716 cal
Barley,1 cup (157 g),556 cal
Barley Groats,1 cup (31 g),31 cal
Brown Rice,1 cup (195 g),757 cal
Buckwheat,1 cup (170 g),583 cal
Buckwheat Groats,1 cup (164 g),567 cal
Corn Waffles,1 waffle (40 g),110 cal
Cornmeal,1 cup (122 g),442 cal
Cornstarch,1 cup (128 g),488 cal
Couscous,1 cup (173 g),650 cal
Cracker,1 cracker (7 g),35 cal
Durum Wheat Semolina,1 tbsp (30 g),119 cal
Flaxseed,1 cup (168 g),897 cal
Freekeh,1 cup (160 g),832 cal
Gluten,1 oz. (28 g),104 cal
Grissini,1 grissini (5 g),20 cal
Kamut,1 cup (186 g),627 cal
Millet,1 cup (128 g),484 cal
Millet Flour,1 cup (140 g),521 cal
Millet Gruel,1 cup (174 g),80 cal
Oat Bran,1 cup (94 g),231 cal
Pearl Barley,1 cup (157 g),553 cal
Polenta,1 cup (150 g),549 cal
Prawn Crackers,1 cracker (3 g),16 cal
Pretzel Sticks,20 sticks (12 g),46 cal
Quinoa,1 cup (170 g),626 cal
Rusk,1 rusk (10 g),41 cal
Rye Bran,1 cup (150 g),422 cal
Sago,1 oz. (28 g),99 cal
Savoury Biscuits,40 grams (40 g),139 cal
Shortbread,1 cookie (19 g),95 cal
Spelt,1 cup (174 g),588 cal
Spelt Bran,1 cup (160 g),283 cal
Spelt Semolina,1 cup (167 g),601 cal
Sunflower Seeds,1 cup (140 g),818 cal
Tortilla,1 tortilla (197 g),467 cal
Tortilla Chips,20 chips (32 g),160 cal
Wheat Bran,1 cup (58 g),125 cal
Wheat Germ,1 cup (113 g),432 cal
Wheat Gluten,1 tsp (3 g),10 cal
Wheat Semolina,1 cup (167 g),601 cal
Wheat Starch,1 cup (110 g),386 cal
Whole Grain Wheat,1 cup (120 g),407 cal
Wholegrain Oat,1 cup (80 g),300 cal
Almond Oil,1 tbsp (14 ml),123 cal
Apricot Kernel Oil,1 tbsp (14 ml),124 cal
Argan Oil,1 tbsp (14 ml),125 cal
Avocado Oil,1 tbsp (14 ml),120 cal
Babassu Oil,1 tbsp (14 ml),124 cal
Canola Oil,1 tbsp (14 ml),124 cal
Coconut Oil,1 tbsp (14 ml),120 cal
Corn Oil,1 tbsp (15 ml),120 cal
Cottonseed Oil,1 tbsp (14 ml),123 cal
Flaxseed Oil,1 tbsp (14 ml),124 cal
Grape Seed Oil,1 tbsp (14 ml),124 cal
Hazelnut Oil,1 tbsp (14 ml),124 cal
Linseed Oil,1 tbsp (14 ml),117 cal
Menhaden Oil,1 tbsp (14 ml),128 cal
Mustard Oil,1 tbsp (14 ml),124 cal
Oat Oil,1 tbsp (14 ml),124 cal
Olive Oil,1 tbsp (15 ml),120 cal
Palm Kernel Oil,1 tbsp (14 ml),123 cal
Palm Oil,1 tbsp (14 ml),123 cal
Peanut Oil,1 tbsp (14 ml),120 cal
Poppy Seed Oil,1 tbsp (14 ml),124 cal
Pumpkin Seed Oil,1 tbsp (14 ml),123 cal
Rice Bran Oil,1 tbsp (14 ml),124 cal
Safflower Oil,1 tbsp (14 ml),120 cal
Salmon Oil,1 tbsp (14 ml),128 cal
Sesame Oil,1 tbsp (14 ml),124 cal
Shea Oil,1 tbsp (14 ml),124 cal
Soy Oil,1 tbsp (14 ml),123 cal
Sunflower Oil,1 tbsp (14 ml),124 cal
Tomato Seed Oil,1 tbsp (14 ml),124 cal
Vegetable Oil,1 tbsp (15 ml),120 cal
Walnut Oil,1 tbsp (14 ml),124 cal
Wheat Germ Oil,1 tbsp (14 ml),130 cal
Alphabet Soup,1 cup (248 g),62 cal
Bean Stew,1 cup (252 g),335 cal
Beef Bouillon,1 cup (240 g),7 cal
Beef Noodle Soup,1 cup (244 g),83 cal
Beef Soup,1 cup (213 g),70 cal
Bouillon,1 cup (244 g),39 cal
Broccoli Cheese Soup,1 can (303 g),264 cal
Broccoli Soup,1 cup (237 g),206 cal
Cabbage Soup,1 cup (245 g),69 cal
Carrot Ginger Soup,1 serving (381 g),95 cal
Carrot Soup,1 serving (381 g),95 cal
Chicken Bouillon,1 cup (241 g),10 cal
Chicken Broth,1 cup (244 g),39 cal
Chicken Gumbo Soup,1 cup (244 g),56 cal
Chicken Noodle Soup,1 cup (248 g),62 cal
Chicken Stock,1 cup (244 g),39 cal
Chicken Vegetable Soup,1 cup (248 g),77 cal
Chicken with Rice Soup,1 cup (243 g),58 cal
Cream of Asparagus Soup,1 cup (244 g),85 cal
Cream of Broccoli Soup,1 serving (310 g),140 cal
Cream of Celery Soup,1 cup (248 g),92 cal
Cream of Chicken Soup,1 cup (244 g),117 cal
Cream of Mushroom Soup,1 cup (248 g),97 cal
Cream of Onion Soup,1 cup (244 g),107 cal
Cream of Potato Soup,1 cup (244 g),73 cal
Creamy Chicken Noodle Soup,1 cup (245 g),56 cal
French Onion Soup,1 cup (243 g),56 cal
Golden Mushroom Soup,1 cup (248 g),161 cal
Goulash,1 serving (187 g),1887 cal
Instant Ramen,1 package (85 g),371 cal
Lentil Soup,1 cup (248 g),139 cal
Lobster Bisque Soup,1 cup (248 g),248 cal
Meatball Soup,1 cup (245 g),120 cal
Minestrone,1 cup (241 g),82 cal
Mushroom Soup,1 cup (244 g),85 cal
Noodle Soup,1 cup (244 g),83 cal
Onion Soup,1 cup (243 g),56 cal
Oxtail Soup,1 cup (244 g),68 cal
Pea Soup,1 cup (253 g),190 cal
Potato Soup,1 serving (240 g),192 cal
Pumpkin Soup,1 cup (245 g),71 cal
Ramen,1 package (85 g),371 cal
Scotch Broth,1 cup (241 g),80 cal
Succotash,1 cup (192 g),221 cal
Thai Soup,1 cup (245 g),147 cal
Tomato Rice Soup,1 cup (247 g),116 cal
Tomato Soup,1 cup (248 g),74 cal
Vegetable Beef Soup,1 cup (244 g),76 cal
Vegetable Broth,1 cup (235 g),12 cal
Vegetable Soup,1 cup (241 g),67 cal
Vegetable Stock,1 cup (235 g),12 cal
Wedding Soup,1 cup (245 g),130 cal
Baskin-Robbins,1 scoop (71 g),170 cal
Ben and Jerry’s,1 scoop (92 g),210 cal
Butter Pecan Ice Cream,1 scoop (113 g),280 cal
Carvel,1 cup (212 g),449 cal
Chocolate Chip Ice Cream,1 scoop (72 g),155 cal
Chocolate Ice Cream,1 scoop (72 g),156 cal
Ciao Bella,1 cup (220 g),240 cal
Coffee Ice Cream,1 scoop (72 g),170 cal
Cold Stone Creamery,1 scoop (142 g),329 cal
Cookie Dough Ice Cream,1/2 cup (65 g),130 cal
Crunchie McFlurry,1 mcflurry (183 g),318 cal
Dairy Milk McFlurry,1 mcflurry (183 g),340 cal
Dippin Dots,1 cup (170 g),381 cal
Double Rainbow,1 scoop (72 g),185 cal
Drumsticks,1 cone (141 g),360 cal
French Vanilla Ice Cream,1 scoop (72 g),145 cal
Friendly’s,1 scoop (66 g),140 cal
Healthy Choice,1 bar (64 g),80 cal
Hot Fudge Sundae,1 sundae (179 g),333 cal
Ice Cream Sandwich,1 bar (112 g),265 cal
Ice Cream Sundae,1 sundae (178 g),253 cal
Ice Milk,1 scoop (103 g),164 cal
Magnolia,1 scoop (72 g),166 cal
Magnum,1 magnum (86 g),258 cal
Magnum Almond,1 magnum (86 g),271 cal
Magnum Double Caramel,1 magnum (86 g),305 cal
Magnum Double Chocolate,1 magnum (86 g),327 cal
Magnum Gold,1 magnum (85 g),290 cal
Magnum White,1 magnum (86 g),255 cal
McFlurry,1 mcflurry (134 g),205 cal
McFlurry Oreo,1 mcflurry (183 g),340 cal
Mini Milk,1 mini milk (25 g),30 cal
Mint Chocolate Chip Ice Cream,1 scoop (72 g),172 cal
Rocky Road Ice Cream,1 scoop (113 g),290 cal
Schwan’s,1 scoop (72 g),177 cal
Smarties McFlurry,1 mcflurry (202 g),400 cal
Snickers Ice Cream,1 bar (50 g),180 cal
Soft Serve,1 cup (86 g),191 cal
Solero,1 solero (75 g),75 cal
Strawberry Ice Cream,1 scoop (72 g),170 cal
Strawberry Sundae,1 sundae (178 g),281 cal
Sundae,1 scoop (72 g),155 cal
Turkey Hill,1 sandwich (70 g),190 cal
Vanilla Cone,1 cone (142 g),230 cal
Vanilla Ice Cream,1 scoop (72 g),145 cal
Cannelloni,2 oz. (56 g),82 cal
Capellini,2 oz. (56 g),198 cal
Cappelletti,2 oz. (56 g),92 cal
Cellophane Noodles,1 cup (140 g),491 cal
Cheese Tortellini,1 cup (113 g),329 cal
Dampfnudel,1 dampfnudel (85 g),233 cal
Dumpling Dough,2 oz. (56 g),55 cal
Durum Wheat Semolina,2 oz. (56 g),222 cal
Egg Noodles,1 cup (38 g),146 cal
Farfalle,2 oz. (56 g),200 cal
Fettuccine,2 oz. (56 g),198 cal
Fusilli,2 oz. (56 g),197 cal
Glass Noodles,2 oz. (56 g),108 cal
Lasagne Sheets,1 sheet (21 g),57 cal
Linguine,2 oz. (56 g),200 cal
Low Carb Pasta,2 oz. (56 g),158 cal
Macaroni,1 cup (114 g),422 cal
Manicotti,2 oz. (56 g),200 cal
Mostaccioli,2 oz. (56 g),103 cal
Orecchiette,2 oz. (56 g),207 cal
Orzo,2 oz. (56 g),200 cal
Penne,2 oz. (56 g),197 cal
Penne Rigate,2 oz. (56 g),207 cal
Pierogi,3 pierogi (100 g),200 cal
Ravioli,2 oz. (56 g),43 cal
Rigatoni,2 oz. (56 g),198 cal
Rotini,2 oz. (56 g),198 cal
Shells,1 cup (85 g),300 cal
Shirataki Noodles,2 oz. (56 g),10 cal
Soy Noodles,2 oz. (56 g),121 cal
Spaetzle,2 oz. (56 g),206 cal
Spaghetti,2 oz. (56 g),207 cal
Spinach Tortellini,1 cup (102 g),320 cal
Spirelli,2 oz. (56 g),206 cal
Tagliatelle,2 oz. (56 g),207 cal
Tortellini,1 cup (113 g),329 cal
Vermicelli,2 oz. (56 g),206 cal
Whole Grain Noodles,2 oz. (56 g),194 cal
Whole Grain Spaghetti,2 oz. (56 g),197 cal
Ziti,2 oz. (56 g),197 cal
BBQ Chicken Pizza,1 slice (132 g),309 cal
BBQ Pizza,1 slice (140 g),314 cal
Beef Pizza,1 slice (235 g),714 cal
Bianca Pizza,1 slice (187 g),460 cal
Buffalo Chicken Pizza,1 slice (238 g),600 cal
Calabrese Pizza,1 slice (108 g),254 cal
Calzone,1 calzone (364 g),841 cal
Capricciosa Pizza,1 slice (74 g),192 cal
Cheese Pizza,1 slice (63 g),168 cal
Chicken Pizza,1 slice (132 g),309 cal
Deep Dish Pizza,1 slice (118 g),313 cal
Dominos Philly Cheese Steak Pizza,1 slice (159 g),356 cal
Four Cheese Pizza,1 slice (113 g),250 cal
Goat Cheese Pizza,1 slice (63 g),138 cal
Grilled Pizza,1 slice (124 g),280 cal
Hawaiian Pizza,1 slice (134 g),154 cal
Margherita Pizza,1 slice (63 g),173 cal
Mozzarella Pizza,1 slice (62 g),154 cal
Mushroom Pizza,1 slice (288 g),611 cal
Napoli Pizza,1 slice (123 g),248 cal
New York Style Pizza,1 slice (103 g),174 cal
Pepperoni Pizza,1 slice (71 g),181 cal
Pizza Dough,2 oz. (57 g),130 cal
Pizza Hut Stuffed Crust Pizza,1 slice (149 g),380 cal
Pizza Hut Supreme Pizza,1 slice (123 g),305 cal
Pizza Rolls,1 roll (14 g),35 cal
Quattro Formaggi Pizza,1 slice (133 g),330 cal
Red Pepper Pizza,1 slice (86 g),165 cal
Salami Pizza,1 slice (71 g),181 cal
Sausage Pizza,1 slice (72 g),177 cal
Seafood Pizza,1 slice (76 g),186 cal
Shrimp Pizza,1 slice (91 g),190 cal
Sicilian Pizza,1 slice (133 g),321 cal
Spinach Feta Pizza,1 slice (62 g),150 cal
Spinach Pizza,1 slice (62 g),145 cal
Stuffed Crust Pizza,1 slice (149 g),380 cal
Tarte Flambée,1 square (56 g),142 cal
Thin Crust Pizza,1 slice (60 g),157 cal
Tuna Pizza,1 slice (125 g),318 cal
Vegetable Pizza,1 slice (156 g),399 cal
Vegetarian Pizza,1 slice (156 g),399 cal
Veggie Pizza,1 slice (114 g),263 cal
White Pizza,1 slice (232 g),571 cal
Acerola,1 acerola (4.8 g),1 cal
Asian Pear,1 pear (178 g),75 cal
Avocado,1 avocado (200 g),320 cal
Banana,1 banana (125 g),111 cal
Breadfruit,1/4 breadfruit (96 g),99 cal
Cantaloupe Melon,1 wedge (69 g),23 cal
Casaba Melon,1 wedge (125 g),35 cal
Cherimoya,1 cherimoya (235 g),176 cal
Dragon Fruit,1 dragonfruit (200 g),120 cal
Durian,1 durian (602 g),885 cal
Feijoa,1 feijoa (42 g),23 cal
Galia Melon,1 melon (130 g),30 cal
Grapefruit,1/2 grapefruit (123 g),52 cal
Guava,1 guava (55 g),37 cal
Honeydew,1 wedge (125 g),45 cal
Jackfruit,1 cup (151 g),143 cal
Kiwi,1 kiwi (183 g),112 cal
Kumquat,1 kumquat (19 g),13 cal
Lychee,1 lychee (10 g),7 cal
Mandarin Oranges,1 madarin orange (90 g),48 cal
Mango,1 mango (336 g),202 cal
Mangosteen,1 serving (80 g),58 cal
Maracuya,1 maracuya (18 g),17 cal
Maraschino Cherries,1 cherry (5 g),8 cal
Muskmelon,1 wedge (69 g),23 cal
Noni,1 oz. (28.4 g),15 cal
Passion Fruit,1 passion fruit (18 g),17 cal
Pineapple,1 pineapple (905 g),453 cal
Pink Grapefruit,1/2 grapefruit (123 g),52 cal
Plantain,1 plantain (179 g),218 cal
Pomegranate,1 pomegranate (282 g),234 cal
Pomelo,1 pomelo (609 g),231 cal
Prickly Pear,"1 pad, peeled (19 g)",8 cal
Rambutan,1 rambutan (9 g),7 cal
Sapodilla,1 sapodilla (170 g),141 cal
Soursop Fruit,1 soursop fruit (625 g),413 cal
Star Fruit,1 starfruit (91 g),28 cal
Tamarind,1 tamarind (2 g),5 cal
Watermelon,1 wedge (286 g),86 cal
Arby’s Grand Turkey Club,1 sandwich (233 g),489 cal
Arby’s Reuben,1 sandwich (308 g),641 cal
Arby’s Roast Beef Classic,1 burger (154 g),360 cal
Arby’s Roast Beef Max,1 burger (154 g),360 cal
BBQ Rib,1 rib (67 g),142 cal
Bean Burrito,1 burrito (190 g),380 cal
Big N’ Tasty,1 sandwich (232 g),517 cal
Bratwurst,1 piece (85 g),283 cal
Burger King Angry Whopper,1 burger (290 g),740 cal
Burger King Double Whopper,1 burger (374 g),894 cal
Burger King Double Whopper with Cheese,1 sandwich (399 g),994 cal
Burger King Original Chicken Sandwich,1 sandwich (219 g),659 cal
Burger King Premium Alaskan Fish Sandwich,1 burger (228 g),591 cal
Burger King Triple Whopper,1 burger (547 g),1471 cal
Burger King Whopper,1 burger (291 g),672 cal
Burger King Whopper Jr.,1 burger (148 g),346 cal
Burger King Whopper with Cheese,1 burger (315 g),759 cal
Cheeseburger,1 burger (156 g),410 cal
Chicken Breast,1 piece (71 g),116 cal
Chicken Fajita,1 sandwich (222 g),326 cal
Chicken McNuggets,1 nugget (16 g),48 cal
Chicken Nuggets,1 piece (20 g),59 cal
Chicken Pizziola,1 sandwich (320 g),451 cal
Chicken Sandwich,1 sandwich (170 g),410 cal
Chicken Teriyaki Sandwich,1 sandwich (266 g),367 cal
Chicken Wings,1 piece (29 g),94 cal
Chop Suey,1 serving (340 g),585 cal
Curly Fries,1 serving (128 g),398 cal
Double Cheeseburger,1 burger (155 g),414 cal
Egg Roll,1 roll (80 g),200 cal
Falafel,1 patty (17 g),57 cal
Filet-o-Fish,1 sandwich (142 g),400 cal
Fish and Chips,1 serving (300 g),585 cal
Fish Sandwich,1 sandwich (158 g),431 cal
French Fries,1 serving (71 g),222 cal
Grilled Chicken Salad,1 salad (305 g),268 cal
Ham Sandwich,1 sandwich (146 g),352 cal
Hamburger,1 sandwich (110 g),279 cal
Hot Dog,1 hot dog (116 g),312 cal
Italian BMT,1 sandwich (224 g),410 cal
Lasagna,1 piece (130 g),172 cal
McDonald’s Big Mac,1 burger (219 g),561 cal
McDonald’s Cheeseburger,1 sandwich (114 g),300 cal
McDonald’s Chicken Nuggets,1 nugget (16 g),48 cal
McDonald’s Double Cheeseburger,1 burger (155 g),437 cal
McDonald’s Filet-o-Fish,1 sandwich (142 g),391 cal
McDonald’s McChicken,1 burger (143 g),359 cal
McDonald’s McDouble,1 burger (160 g),403 cal
McDonald’s McMuffi Egg,1 burger (129 g),290 cal
McDonald’s McRib,1 sandwich (170 g),451 cal
McDonald’s Mighty Wings,1 wing (31 g),95 cal
McRib,1 sandwich (170 g),451 cal
Meatball Sandwich,1 sandwich (299 g),481 cal
Nachos with Cheese,10 nachos (188 g),575 cal
Onion Rings,1 ring (6.5 g),25 cal
Poutine,1 serving (225 g),511 cal
Smoked Salmon,1 oz. (28.35 g),44 cal
Spicy Italian,1 sandwich (219 g),480 cal
Subway Club Sandwich,1 sandwich (238 g),312 cal
Tortilla Wrap,1 wrap (63 g),171 cal
Tuna,1 oz. (28.35 g),24 cal
Turkey,1 oz. (28.35 g),29 cal
Veggie Burger,1 burger (215 g),389 cal
Veggie Delight,1 sandwich (166 g),229 cal
Veggie Patty,1 sandwich (247 g),963 cal
Wendy’s Baconator,1 burger (276 g),839 cal
Wendy’s Jr. Bacon Cheeseburger,1 burger (161 g),420 cal
Wendy’s Jr. Cheeseburger,1 burger (129 g),290 cal
Wendy’s Son of Baconator,1 burger (218 g),700 cal
Whopper,1 burger (291 g),672 cal
Zinger,1 sandwich (202 g),517 cal
Zinger Burger,1 sandwich (202 g),517 cal
Chicken Nugget,1 cup,148 cal
Shrimp,2 oz,39 cal
Turkey,2 slice,5 cal
Pomegranate,1 g,580 cal
Almonds,1 piece,371 cal
Bagel,2 cup,15 cal
Chicken Nugget,2 slice,583 cal
Watermelon,1 cup,103 cal
Basil,2 cup,19 cal
Dates,1 oz,57 cal
Pork Chop,1 g,152 cal
Yogurt,2 g,305 cal
Brown Rice,2 oz,64 cal
Beetroot,2 g,330 cal
Mushroom,2 oz,405 cal
Sage,1 cup,183 cal
Tofu,2 g,56 cal
Zucchini,2 oz,472 cal
Ginger,2 piece,172 cal
Cheese,2 piece,160 cal
Burger,1 piece,198 cal
Green Beans,1 g,549 cal
Ginger,2 piece,67 cal
Potato,2 slice,302 cal
Grapes,2 g,19 cal
Chips,1 piece,162 cal
Pancake,2 cup,433 cal
Pork Chop,2 g,242 cal
Beetroot,2 g,307 cal
Mango,1 cup,350 cal
Black Beans,1 oz,417 cal
Sandwich,1 cup,579 cal
Raisins,2 oz,340 cal
Apple Pie,1 g,166 cal
Rosemary,1 g,189 cal
Papaya,2 piece,316 cal
Pancake,1 cup,17 cal
Almonds,1 piece,252 cal
Chips,1 cup,128 cal
Beetroot,1 slice,571 cal
Tuna,1 g,59 cal
Butter,2 oz,279 cal
Sausage,2 slice,563 cal
Blueberry,1 slice,89 cal
Cashews,1 piece,49 cal
Cheese,2 piece,537 cal
Soy Milk,1 cup,285 cal
French Fries,2 piece,429 cal
Chia Seeds,1 slice,234 cal
Salsa,2 g,589 cal
Eggplant,1 cup,232 cal
Peas,1 cup,384 cal
Raspberry,1 piece,125 cal
Chips,1 cup,51 cal
Sweet Potato,2 oz,34 cal
Ginger,2 g,111 cal
Lamb Chop,2 g,289 cal
Chicken Breast,2 cup,498 cal
Chia Seeds,2 oz,394 cal
Granola,1 oz,378 cal
Butter,2 cup,570 cal
Brown Rice,2 slice,323 cal
Coconut,1 oz,121 cal
Brownie,1 oz,438 cal
Rosemary,2 cup,149 cal
Dates,2 g,141 cal
Papaya,2 slice,484 cal
Lamb,2 oz,161 cal
Blueberry,1 cup,561 cal
Corn,2 slice,8 cal
Basil,2 cup,102 cal
Potato,1 slice,18 cal
Maple Syrup,1 oz,533 cal
Corn,2 piece,433 cal
Cucumber,2 piece,154 cal
Watermelon,2 piece,258 cal
Almonds,2 oz,585 cal
Kale,2 slice,36 cal
Raisins,2 piece,2 cal
Thyme,2 piece,479 cal
Chicken Nugget,2 cup,58 cal
Ice Cream,1 piece,585 cal
Apple Pie,1 piece,547 cal
Brussels Sprout,2 g,437 cal
French Fries,2 cup,480 cal
Ginger,2 g,587 cal
Pretzel,1 oz,118 cal
Lettuce,2 cup,119 cal
Ice Cream,2 oz,7 cal
Fig,2 cup,426 cal
Apple,2 piece,394 cal
Mushroom,1 oz,30 cal
Raspberry,1 slice,323 cal
Chips,1 g,97 cal
Pizza,2 g,527 cal
Pancake,1 oz,488 cal
Watermelon,1 oz,314 cal
Eggplant,1 cup,29 cal
Coconut,2 slice,83 cal
Bagel,2 g,135 cal
Zucchini,1 oz,30 cal
Donut,2 piece,545 cal
Blueberry,1 oz,73 cal
Mushroom,1 cup,2 cal
Honey,1 slice,103 cal
Sweet Potato,1 g,54 cal
Cheese,1 oz,299 cal
Pasta,1 piece,596 cal
Red Lentils,2 slice,362 cal
Cashews,1 piece,309 cal
Bread,1 oz,208 cal
Rosemary,1 cup,184 cal
Brown Rice,1 oz,486 cal
Brussels Sprout,1 piece,576 cal
Peas,1 cup,449 cal
Granola,1 piece,362 cal
Chocolate,1 piece,434 cal
Maple Syrup,2 piece,226 cal
Walnuts,2 oz,395 cal
Chicken Nugget,1 cup,435 cal
Bacon,1 cup,330 cal
Quinoa,2 slice,509 cal
Pumpkin,2 oz,29 cal
Cereal,2 slice,320 cal
Watermelon,2 piece,573 cal
Apple,1 piece,287 cal
Lettuce,1 g,329 cal
Carrot,1 g,19 cal
Cupcake,1 slice,65 cal
Fig,1 slice,230 cal
French Fries,1 g,37 cal
Salsa,2 slice,581 cal
Tortilla,2 oz,454 cal
Cupcake,1 cup,465 cal
Green Peas,2 cup,362 cal
Maple Syrup,2 g,80 cal
Cupcake,2 slice,513 cal
Bagel,2 slice,252 cal
Soup,1 oz,338 cal
Dates,1 oz,44 cal
Cabbage,1 oz,108 cal
Fig,1 cup,320 cal
Spinach,2 cup,422 cal
Ice Cream,1 slice,342 cal
Bacon,2 oz,270 cal
Cupcake,1 slice,542 cal
Granola,1 piece,572 cal
Sandwich,2 g,269 cal
Pretzel,2 slice,284 cal
Radish,2 piece,24 cal
Tofu,2 oz,453 cal
Chia Seeds,1 cup,298 cal
Soup,2 oz,387 cal
Basil,2 slice,241 cal
Coconut,2 slice,581 cal
Black Beans,2 g,326 cal
Bell Pepper,1 slice,404 cal
Potato,1 oz,187 cal
Cauliflower,1 piece,246 cal
Pistachios,2 oz,418 cal
Cauliflower,1 piece,197 cal
Lettuce,1 slice,299 cal
Mushroom,1 slice,287 cal
Chocolate,1 cup,295 cal
Tortilla,1 oz,211 cal
Yogurt,1 piece,82 cal
Raisins,2 g,224 cal
Brown Rice,1 slice,101 cal
Spinach,2 g,330 cal
Tuna,2 g,310 cal
Pork Chop,1 g,565 cal
Kale,1 cup,395 cal
Papaya,1 piece,95 cal
Eggplant,2 oz,122 cal
Peanut Butter,2 g,243 cal
Pumpkin,1 oz,330 cal
Strawberry,1 g,331 cal
French Fries,1 g,374 cal
Basil,2 cup,208 cal
Almonds,2 piece,497 cal
Beef Steak,1 cup,156 cal
Cauliflower,1 piece,264 cal
Raisins,2 piece,512 cal
Black Beans,2 cup,229 cal
Oatmeal,1 cup,46 cal
Grapes,2 slice,586 cal
Bagel,1 g,431 cal
Brussels Sprout,2 oz,296 cal
Banana,2 oz,200 cal
Lettuce,2 slice,77 cal
Pizza,2 piece,346 cal
Papaya,2 piece,211 cal
Cauliflower,1 cup,234 cal
Honey,1 cup,360 cal
Green Beans,1 g,277 cal
Celery,2 cup,270 cal
Maple Syrup,2 g,30 cal
Ice Cream,2 piece,74 cal
Cheese,2 piece,468 cal
Orange,1 oz,570 cal
Dates,1 g,82 cal
Peas,1 g,29 cal
Sweet Potato,2 slice,579 cal
Cupcake,2 cup,511 cal
Sweet Potato,1 piece,394 cal
Carrot,2 cup,548 cal
Donut,1 oz,396 cal
Kale,2 slice,394 cal
Turkey,2 piece,222 cal
Rosemary,2 g,315 cal
Apple,1 g,308 cal
Quinoa,2 piece,547 cal
Donut,1 slice,366 cal
Rice,2 piece,526 cal
Dates,2 g,175 cal
Raspberry,2 slice,221 cal
Donut,1 g,399 cal
Banana,1 g,70 cal
Lamb Chop,1 slice,396 cal
Spinach,1 piece,257 cal
Milk,2 cup,516 cal
Pasta,1 slice,235 cal
Brussels Sprout,1 cup,350 cal
Chia Seeds,2 slice,218 cal
Sage,2 oz,246 cal
Cucumber,1 slice,41 cal
French Fries,2 piece,37 cal
Bell Pepper,1 g,463 cal
Shrimp,1 piece,292 cal
Ginger,1 cup,9 cal
Green Beans,2 piece,521 cal
Pomegranate,2 piece,161 cal
Quinoa,2 cup,424 cal
Peanut Butter,2 piece,380 cal
Beef Steak,2 slice,38 cal
Ice Cream,1 oz,289 cal
Garlic,1 g,499 cal
Potato,2 cup,59 cal
Rosemary,1 g,295 cal
Pistachios,2 piece,422 cal
Walnuts,2 g,339 cal
Chips,2 cup,484 cal
Soy Milk,1 slice,350 cal
Ginger,1 piece,540 cal
Beef Steak,2 cup,593 cal
Mint,1 piece,372 cal
Cauliflower,1 cup,578 cal
Peas,2 slice,61 cal
Cupcake,2 slice,571 cal
Green Beans,2 slice,511 cal
Spinach,2 oz,527 cal
Strawberry,2 piece,284 cal
Beef Steak,2 g,304 cal
Tomato,1 piece,208 cal
Maple Syrup,2 oz,320 cal
Blueberry,2 cup,283 cal
Zucchini,2 oz,406 cal
Bacon,1 g,287 cal
Salsa,2 piece,80 cal
Brownie,2 cup,73 cal
Coconut,2 cup,326 cal
Pancake,2 g,587 cal
Cantaloupe,2 piece,138 cal
Mint,2 slice,532 cal
Chips,1 piece,221 cal
Ice Cream,1 slice,400 cal
Cupcake,1 piece,294 cal
French Fries,2 slice,139 cal
Banana,2 piece,189 cal
Cabbage,1 slice,317 cal
Brown Rice,1 cup,448 cal
Pizza,1 piece,26 cal
Bacon,2 piece,529 cal
Basil,1 piece,217 cal
Milk,2 oz,300 cal
Orange,2 slice,476 cal
Beef Steak,1 oz,318 cal
Thyme,1 g,432 cal
Green Peas,2 slice,546 cal
Tofu,2 cup,410 cal
Watermelon,1 piece,17 cal
Bread,2 oz,553 cal
Cheese,2 slice,483 cal
Ginger,1 slice,169 cal
Brussels Sprout,1 slice,211 cal
Salsa,2 slice,407 cal
Beef Steak,2 g,477 cal
Ice Cream,1 slice,344 cal
Brussels Sprout,2 piece,116 cal
Tortilla,2 g,443 cal
Pumpkin,1 g,311 cal
Mango,1 piece,116 cal
Mango,1 slice,46 cal
Mango,1 slice,500 cal
Walnuts,1 slice,206 cal
Tuna,1 piece,202 cal
Soup,1 g,462 cal
Walnuts,2 piece,111 cal
Avocado,2 cup,30 cal
Carrot,2 g,465 cal
Lettuce,2 oz,189 cal
Rosemary,2 piece,79 cal
Hummus,2 cup,295 cal
Brown Rice,1 cup,163 cal
Turkey,2 piece,379 cal
Papaya,1 slice,408 cal
Dates,1 oz,68 cal
Sandwich,2 slice,243 cal
Salsa,1 piece,531 cal
Spinach,1 g,71 cal
Raspberry,2 piece,316 cal
Honey,1 slice,577 cal
Honey,1 cup,178 cal
Radish,2 cup,159 cal
Chia Seeds,1 piece,216 cal
Spinach,1 cup,559 cal
Zucchini,1 piece,540 cal
Orange,1 cup,107 cal
Pork Chop,2 piece,245 cal
Cantaloupe,2 oz,145 cal
Burger,2 piece,575 cal
Radish,2 piece,532 cal
Rice,2 piece,437 cal
Ice Cream,2 oz,529 cal
Green Beans,2 oz,490 cal
Donut,2 slice,392 cal
Kale,1 oz,57 cal
Sage,2 oz,427 cal
Soup,1 oz,101 cal
Strawberry,1 slice,593 cal
Pineapple,2 g,157 cal
Peanut Butter,1 cup,319 cal
Bacon,1 cup,334 cal
Ginger,2 cup,181 cal
Honey,1 piece,472 cal
Donut,2 slice,495 cal
Celery,1 piece,486 cal
Tofu,1 cup,568 cal
Tomato,1 g,88 cal
Flax Seeds,1 g,442 cal
Radish,1 piece,106 cal
Cantaloupe,1 slice,42 cal
Pomegranate,1 oz,440 cal
Milk,2 cup,350 cal
Bagel,1 g,348 cal
Fig,1 g,501 cal
Papaya,1 cup,351 cal
Peanut Butter,1 piece,562 cal
Soup,2 slice,2 cal
Orange,1 oz,489 cal
Broccoli,1 slice,396 cal
Spinach,2 slice,105 cal
Green Beans,1 cup,92 cal
Apple,2 cup,348 cal
Cheese,2 g,191 cal
Basil,2 slice,126 cal
Red Lentils,2 slice,77 cal
Peas,1 piece,261 cal
Honey,1 oz,354 cal
Papaya,1 slice,501 cal
Pomegranate,1 oz,310 cal
Apple Pie,1 piece,110 cal
Apple,2 piece,246 cal
Cantaloupe,2 piece,397 cal
Tomato,1 g,77 cal
Bacon,1 oz,374 cal
Rice,1 cup,177 cal
Chips,2 slice,356 cal
Tortilla,2 cup,55 cal
Thyme,1 cup,385 cal
Bagel,1 piece,562 cal
Blueberry,2 oz,384 cal
Milk,2 slice,146 cal
Peas,2 g,435 cal
Thyme,1 piece,506 cal
Avocado,1 slice,114 cal
Hummus,1 g,192 cal
Avocado,1 oz,234 cal
Green Beans,2 g,435 cal
Mint,1 g,206 cal
Pistachios,1 g,127 cal
Salsa,2 g,314 cal
Yogurt,1 slice,50 cal
Granola,2 cup,30 cal
Honey,2 slice,198 cal
Salmon,1 oz,446 cal
Cereal,1 g,529 cal
Granola,1 slice,590 cal
Cantaloupe,2 oz,297 cal
Mushroom,2 oz,213 cal
Tuna,1 piece,307 cal
Almonds,1 g,518 cal
Sage,2 oz,402 cal
Grapes,2 cup,43 cal
Bread,1 g,211 cal
Peanut Butter,1 piece,382 cal
Green Peas,1 g,535 cal
Black Beans,2 piece,317 cal
Lamb Chop,1 g,441 cal
Walnuts,1 slice,393 cal
Fig,1 g,274 cal
Cabbage,2 oz,486 cal
Blueberry,1 oz,79 cal
Honey,1 g,308 cal
Dates,1 slice,321 cal
Lamb,2 g,562 cal
Apple,2 g,521 cal
Pork Chop,2 slice,257 cal
Lamb Chop,1 slice,232 cal
Cereal,1 piece,297 cal
Zucchini,1 cup,519 cal
Bread,1 piece,228 cal
Beef Steak,2 piece,442 cal
Radish,2 cup,225 cal
Sage,1 piece,231 cal
Fig,1 cup,82 cal
Tofu,1 cup,354 cal
Granola,2 slice,553 cal
Basil,1 g,404 cal
Sweet Potato,2 oz,25 cal
Spinach,1 piece,31 cal
Cashews,2 slice,352 cal
Pomegranate,2 g,561 cal
Fig,2 g,90 cal
Red Lentils,2 piece,352 cal
Strawberry,2 slice,431 cal
Yogurt,2 piece,262 cal
Bagel,2 piece,159 cal
Lettuce,2 g,391 cal
Almonds,1 slice,19 cal
Basil,1 slice,158 cal
Chicken Breast,2 oz,28 cal
Pork Chop,2 g,541 cal
Quinoa,2 cup,241 cal
Almonds,1 slice,7 cal
Chia Seeds,1 slice,56 cal
Pineapple,1 slice,127 cal
Granola,1 g,261 cal
Cantaloupe,1 slice,485 cal
Sage,2 g,69 cal
Sausage,2 oz,389 cal
Tofu,2 piece,448 cal
Banana,1 piece,50 cal
Raspberry,2 cup,554 cal
Chia Seeds,2 oz,469 cal
Beef Steak,2 piece,41 cal
Apple,2 oz,45 cal
Zucchini,2 oz,508 cal
Red Lentils,2 piece,414 cal
Watermelon,1 slice,343 cal
Rosemary,2 piece,590 cal
Bacon,1 oz,572 cal
Pancake,2 piece,105 cal
Tofu,1 cup,17 cal
Kale,2 oz,25 cal
Sweet Potato,2 oz,459 cal
Blueberry,1 piece,461 cal
Sausage,1 g,292 cal
Mint,1 slice,321 cal
Peas,1 g,275 cal
Chicken Nugget,1 oz,210 cal
Bread,2 oz,292 cal
Black Beans,1 g,326 cal
Pork Chop,2 g,103 cal
Salmon,2 g,96 cal
Tortilla,1 piece,27 cal
Quinoa,2 oz,560 cal
Ginger,1 slice,247 cal
French Fries,1 slice,254 cal
Burger,1 g,594 cal
Banana,1 cup,330 cal
Turkey,1 g,203 cal
Cantaloupe,1 slice,416 cal
Eggplant,1 slice,74 cal
Raspberry,1 piece,42 cal
Cheese,1 cup,7 cal
Chocolate,2 slice,290 cal
Eggplant,1 oz,184 cal
Brownie,1 piece,590 cal
Papaya,2 cup,538 cal
Carrot,1 slice,49 cal
Almonds,2 slice,116 cal
Blueberry,2 cup,187 cal
Potato,2 g,443 cal
Cheese,2 slice,565 cal
Garlic,2 piece,240 cal
Corn,2 oz,68 cal
Butter,1 piece,221 cal
Chicken Breast,1 oz,388 cal
Maple Syrup,2 piece,444 cal
Butter,1 g,216 cal
Tofu,1 cup,56 cal
Tofu,2 piece,563 cal
Pumpkin,1 piece,165 cal
Pizza,2 piece,7 cal
Dates,2 g,333 cal
Pork Chop,2 piece,368 cal
Brownie,2 g,532 cal
Granola,1 cup,453 cal
Flax Seeds,1 cup,53 cal
Soy Milk,1 oz,594 cal
Raisins,2 cup,292 cal
Blueberry,2 oz,513 cal
Sweet Potato,2 oz,578 cal
Strawberry,2 cup,414 cal
Corn,2 piece,190 cal
Cauliflower,2 slice,436 cal
Dates,1 cup,239 cal
Hummus,1 cup,348 cal
Mango,2 cup,156 cal
Green Peas,2 cup,520 cal
Brown Rice,1 cup,281 cal
Broccoli,2 piece,395 cal
Raisins,1 slice,429 cal
Brownie,2 slice,336 cal
Apple,2 oz,309 cal
Turkey,2 piece,179 cal
Brown Rice,1 piece,418 cal
Watermelon,1 oz,521 cal
Bagel,1 oz,210 cal
Corn,2 piece,374 cal
Cabbage,1 g,531 cal
Cereal,2 oz,254 cal
Yogurt,1 cup,209 cal
Black Beans,2 slice,499 cal
Brown Rice,2 piece,348 cal
Tomato,2 slice,392 cal
Salmon,1 cup,305 cal
Donut,2 oz,569 cal
Broccoli,2 cup,345 cal
Mushroom,2 slice,131 cal
Pancake,2 slice,13 cal
Sweet Potato,1 piece,219 cal
Rosemary,2 cup,255 cal
Soup,2 oz,462 cal
Cabbage,1 oz,40 cal
Yogurt,2 cup,310 cal
Bacon,2 slice,46 cal
Yogurt,1 cup,284 cal
Pancake,2 g,30 cal
Brown Rice,2 oz,582 cal
Peanut Butter,1 slice,453 cal
Almonds,1 slice,503 cal
Radish,1 g,239 cal
Bagel,1 oz,46 cal
Peanut Butter,2 g,535 cal
Basil,2 oz,500 cal
Brown Rice,1 piece,548 cal
Cashews,2 oz,561 cal
Pomegranate,1 g,517 cal
Beef Steak,2 oz,149 cal
Brussels Sprout,2 slice,11 cal
Egg,2 oz,410 cal
Beetroot,2 slice,191 cal
Mushroom,1 cup,586 cal
Chicken Breast,2 slice,144 cal
Pineapple,1 oz,395 cal
Pistachios,2 oz,237 cal
Carrot,1 piece,461 cal
Red Lentils,1 oz,308 cal
Dates,1 g,530 cal
Flax Seeds,1 piece,101 cal
Milk,2 cup,336 cal
Egg,2 piece,465 cal
Lamb Chop,1 g,28 cal
Cucumber,1 cup,456 cal
Turkey,2 oz,105 cal
Raisins,2 slice,191 cal
Coconut,1 oz,348 cal
Ice Cream,2 cup,30 cal
Sandwich,1 cup,91 cal
Granola,2 oz,237 cal
Bell Pepper,2 oz,348 cal
Pretzel,1 slice,459 cal
Tortilla,1 oz,210 cal
Burger,1 slice,5 cal
Basil,1 g,334 cal
Raspberry,2 g,175 cal
Potato,2 slice,95 cal
Pomegranate,2 piece,20 cal
Eggplant,1 oz,412 cal
Ice Cream,2 cup,583 cal
Green Peas,2 cup,496 cal
Red Lentils,2 g,64 cal
Green Peas,1 slice,593 cal
Mango,1 oz,98 cal
Zucchini,2 cup,569 cal
Shrimp,1 g,595 cal
Granola,1 oz,266 cal
Hummus,1 oz,187 cal
Bread,1 cup,155 cal
Oatmeal,1 oz,339 cal
Cheese,1 cup,240 cal
Avocado,1 slice,309 cal
Potato,2 oz,347 cal
Fig,1 oz,366 cal
Chia Seeds,1 piece,146 cal
Sweet Potato,1 piece,203 cal
Garlic,1 piece,57 cal
Sweet Potato,1 oz,484 cal
Pork Chop,2 slice,166 cal
Blueberry,1 piece,338 cal
Pork Chop,2 g,181 cal
Red Lentils,2 slice,320 cal
Lamb Chop,2 piece,135 cal
Shrimp,1 g,283 cal
Zucchini,2 cup,195 cal
Bread,2 piece,260 cal
Chips,2 g,355 cal
French Fries,1 oz,217 cal
Bell Pepper,1 slice,49 cal
Dates,1 slice,68 cal
Fig,1 g,444 cal
French Fries,1 slice,575 cal
Apple,2 slice,117 cal
Almonds,1 oz,326 cal
Sandwich,1 cup,110 cal
Peanut Butter,1 piece,177 cal
Green Peas,1 cup,538 cal
Apple,1 oz,514 cal
Broccoli,2 piece,530 cal
Shrimp,1 slice,486 cal
Burger,2 cup,548 cal
Chicken Nugget,2 piece,566 cal
Shrimp,1 oz,448 cal
Watermelon,1 cup,174 cal
Watermelon,2 slice,537 cal
Sandwich,2 oz,478 cal
Papaya,1 g,100 cal
Mango,2 oz,225 cal
Cheese,1 g,597 cal
Eggplant,2 cup,545 cal
Tortilla,1 oz,3 cal
Basil,2 g,74 cal
Hummus,2 cup,192 cal
Strawberry,2 slice,56 cal
Chips,2 cup,299 cal
Chocolate,2 slice,52 cal
Orange,2 cup,450 cal
Brown Rice,2 cup,565 cal
Banana,1 oz,403 cal
Green Beans,1 slice,30 cal
Kale,2 piece,143 cal
Ginger,1 piece,139 cal
Turkey,1 g,7 cal
French Fries,1 cup,19 cal
Grapes,1 cup,414 cal
Pumpkin,2 piece,582 cal
Cauliflower,2 slice,182 cal
Celery,1 piece,38 cal
Almonds,1 cup,298 cal
Bagel,2 cup,258 cal
Tomato,2 cup,420 cal
Cabbage,1 oz,3 cal
Salsa,2 oz,42 cal
Sandwich,1 slice,235 cal
Maple Syrup,1 slice,190 cal
Broccoli,2 piece,417 cal
Pineapple,1 oz,578 cal
Cauliflower,1 piece,451 cal
Coconut,2 piece,32 cal
Chia Seeds,2 slice,521 cal
Donut,1 cup,459 cal
Ice Cream,2 cup,252 cal
Cashews,1 cup,74 cal
Hummus,2 g,203 cal
Watermelon,1 cup,31 cal
Beef Steak,1 g,594 cal
Pasta,1 g,143 cal
Black Beans,1 cup,373 cal
Sage,2 piece,52 cal
Cabbage,2 cup,32 cal
Mango,1 piece,176 cal
Tomato,1 cup,333 cal
Apple,1 piece,445 cal
Chia Seeds,2 slice,501 cal
Donut,2 piece,186 cal
Brownie,2 g,204 cal
Pizza,1 g,287 cal
Chicken Breast,1 cup,449 cal
Walnuts,1 slice,517 cal
Soup,2 oz,355 cal
Sweet Potato,1 cup,172 cal
Green Beans,2 piece,281 cal
Maple Syrup,2 oz,77 cal
Almonds,1 slice,468 cal
Avocado,2 piece,569 cal
Sweet Potato,2 oz,521 cal
Cheese,2 slice,5 cal
Pumpkin,2 oz,58 cal
Blueberry,2 oz,146 cal
Garlic,2 g,456 cal
Chips,1 piece,530 cal
Pumpkin,1 slice,598 cal
Pork Chop,2 piece,570 cal
Lamb Chop,2 piece,567 cal
Corn,2 piece,258 cal
Pasta,2 g,95 cal
Shrimp,2 oz,221 cal
Tomato,1 piece,356 cal
Eggplant,2 g,316 cal
Beetroot,1 piece,297 cal
Mint,2 g,569 cal
Sandwich,2 slice,160 cal
Radish,1 oz,336 cal
Avocado,2 cup,443 cal
Peas,1 g,338 cal
Corn,2 oz,408 cal
French Fries,2 slice,546 cal
Yogurt,2 g,561 cal
Potato,1 cup,365 cal
Hummus,1 g,192 cal
Pretzel,2 cup,327 cal
Egg,2 slice,70 cal
Donut,1 oz,475 cal
Cashews,1 g,228 cal
Ice Cream,1 slice,559 cal
Quinoa,1 oz,60 cal
Almonds,2 oz,522 cal
Butter,2 oz,288 cal
Avocado,1 g,152 cal
Chia Seeds,2 piece,584 cal
Beef Steak,2 cup,413 cal
Walnuts,1 slice,572 cal
Chicken Nugget,1 g,460 cal
Soy Milk,2 g,94 cal
Cheese,2 g,94 cal
Fig,1 oz,342 cal
Cauliflower,1 g,576 cal
Burger,2 oz,386 cal
Cauliflower,1 slice,514 cal
Apple Pie,2 cup,562 cal
Green Peas,2 oz,402 cal
Flax Seeds,1 cup,545 cal
Garlic,1 oz,598 cal
Brownie,2 slice,471 cal
Mango,2 cup,575 cal
Almonds,2 g,264 cal
Salsa,2 g,409 cal
Granola,1 slice,173 cal
Avocado,2 oz,200 cal
Cucumber,2 slice,135 cal
Chicken Breast,1 g,333 cal
Burger,1 piece,41 cal
Green Peas,1 oz,196 cal
Bell Pepper,2 cup,378 cal
Rosemary,2 oz,166 cal
Watermelon,2 slice,514 cal
Avocado,1 piece,109 cal
Cheese,1 g,271 cal
Peanut Butter,2 g,506 cal
Sandwich,1 cup,168 cal
Watermelon,2 cup,483 cal
Watermelon,1 cup,254 cal
Walnuts,1 g,164 cal
Soy Milk,2 slice,143 cal
Pizza,2 cup,368 cal
Tuna,2 piece,432 cal
Papaya,2 slice,202 cal
Grapes,1 slice,373 cal
Carrot,2 oz,119 cal
Chicken Breast,1 cup,351 cal
Sage,1 piece,595 cal
Potato,2 g,240 cal
Raisins,1 slice,289 cal
Pork Chop,2 g,319 cal
Soy Milk,1 cup,583 cal
Raspberry,2 g,208 cal
Beef Steak,1 slice,23 cal
Mango,1 oz,553 cal
Turkey,2 cup,565 cal
Chocolate,1 cup,112 cal
Cucumber,2 oz,347 cal
Cheese,2 piece,196 cal
Celery,1 cup,359 cal
Potato,2 g,38 cal
Zucchini,2 piece,286 cal
Eggplant,2 oz,348 cal
Carrot,1 slice,358 cal
French Fries,1 g,309 cal
Garlic,2 slice,380 cal
Pistachios,1 oz,273 cal
Egg,1 slice,121 cal
Tortilla,1 g,216 cal
Tofu,2 slice,556 cal
Dates,1 piece,205 cal
Pancake,1 piece,521 cal
Fig,2 slice,539 cal
Mint,2 oz,433 cal
Blueberry,1 slice,97 cal
Avocado,2 slice,243 cal
Ice Cream,1 oz,382 cal
Ginger,2 oz,247 cal
Blueberry,2 cup,277 cal
Turkey,1 piece,145 cal
Shrimp,1 slice,139 cal
Brownie,1 piece,418 cal
Maple Syrup,1 slice,22 cal
Cauliflower,1 cup,94 cal
Corn,1 oz,12 cal
Pretzel,1 slice,382 cal
Sage,1 slice,26 cal
Lamb Chop,2 slice,577 cal
Spinach,2 slice,476 cal
Raisins,1 oz,437 cal
Mint,1 piece,243 cal
Radish,2 slice,324 cal
Peanut Butter,2 piece,54 cal
Flax Seeds,1 cup,141 cal
Black Beans,1 slice,313 cal
Lamb Chop,1 oz,351 cal
Apple Pie,1 g,456 cal
Apple,2 slice,131 cal
Green Beans,2 piece,547 cal
Kale,1 g,362 cal
Turkey,2 cup,254 cal
Ice Cream,1 oz,531 cal
Sweet Potato,1 g,163 cal
Pretzel,1 cup,317 cal
Burger,2 slice,65 cal
Bacon,1 cup,209 cal
Walnuts,2 oz,455 cal
Avocado,1 slice,238 cal
Turkey,2 cup,330 cal
Sweet Potato,1 cup,594 cal
Bacon,2 oz,158 cal
French Fries,2 cup,159 cal
Oatmeal,1 slice,124 cal
Honey,2 piece,221 cal
Pineapple,2 cup,277 cal
Avocado,1 slice,269 cal
Chicken Breast,2 oz,38 cal
Kale,2 g,266 cal
Blueberry,1 piece,87 cal
Burger,2 g,222 cal
Donut,2 g,238 cal
Corn,1 slice,564 cal
Bagel,2 oz,365 cal
Corn,1 g,453 cal
Chicken Breast,1 piece,449 cal
Quinoa,2 g,502 cal
Pumpkin,2 g,203 cal
Strawberry,1 oz,341 cal
Rosemary,1 oz,278 cal
Honey,1 piece,226 cal
Granola,1 cup,214 cal
Pasta,1 piece,386 cal
Sandwich,1 slice,155 cal
Donut,2 piece,10 cal
Mint,1 oz,163 cal
Coconut,2 piece,58 cal
Hummus,2 oz,381 cal
Ice Cream,1 g,149 cal
Pancake,1 piece,452 cal
Watermelon,1 cup,533 cal
Apple Pie,2 oz,535 cal
Flax Seeds,2 piece,441 cal
Cashews,2 oz,315 cal
Pineapple,2 oz,415 cal
Donut,1 cup,353 cal
Cereal,2 g,313 cal
Zucchini,2 oz,404 cal
Tuna,2 piece,202 cal
Pistachios,2 piece,594 cal
Orange,1 piece,450 cal
Mint,2 cup,263 cal
Salsa,1 g,287 cal
Basil,1 slice,365 cal
Ice Cream,2 oz,181 cal
Black Beans,1 oz,147 cal
Mushroom,1 g,405 cal
Cauliflower,1 oz,493 cal
Strawberry,1 g,76 cal
Cupcake,2 g,332 cal
Coconut,1 cup,531 cal
Spinach,1 slice,294 cal
Sandwich,1 g,461 cal
Kale,1 g,1 cal
Lamb,1 cup,280 cal
Mushroom,2 piece,127 cal
Egg,1 piece,568 cal
Cauliflower,1 piece,596 cal
Banana,1 g,585 cal
Honey,1 slice,575 cal
French Fries,2 oz,507 cal
Fig,1 g,599 cal
Pasta,1 slice,452 cal
Chia Seeds,2 piece,461 cal
Coconut,1 cup,491 cal
Orange,1 oz,241 cal
Burger,1 g,309 cal
Cauliflower,2 oz,485 cal
Green Peas,1 cup,450 cal
Tortilla,2 cup,187 cal
Apple Pie,1 piece,359 cal
Ice Cream,2 cup,483 cal
Thyme,1 cup,56 cal
Cucumber,2 slice,531 cal
Brown Rice,1 cup,139 cal
Pancake,2 slice,27 cal
Egg,2 slice,156 cal
Pistachios,2 cup,522 cal
Orange,2 g,119 cal
Basil,2 g,497 cal
Blueberry,1 slice,500 cal
Ginger,2 piece,131 cal
Peas,1 g,27 cal
Corn,2 slice,234 cal
Corn,2 slice,468 cal
Brown Rice,1 piece,407 cal
Bagel,2 g,558 cal
Rosemary,1 slice,302 cal
Bacon,1 g,231 cal
Zucchini,1 cup,310 cal
Honey,2 oz,429 cal
Bagel,1 slice,161 cal
Orange,2 g,57 cal
Chicken Nugget,2 slice,244 cal
Donut,1 cup,126 cal
Pizza,2 cup,201 cal
Pasta,1 cup,2 cal
Pancake,1 oz,459 cal
Walnuts,2 g,407 cal
Cantaloupe,1 g,418 cal
Milk,2 piece,422 cal
Oatmeal,1 oz,254 cal
Pineapple,1 cup,395 cal
Red Lentils,1 piece,598 cal
Beef Steak,1 g,576 cal
Rosemary,1 slice,209 cal
Shrimp,2 piece,36 cal
Soy Milk,2 oz,414 cal
Chicken Breast,1 piece,300 cal
Brownie,1 piece,124 cal
Lamb Chop,1 piece,73 cal
Blueberry,2 slice,481 cal
Garlic,2 slice,173 cal
Raspberry,1 slice,369 cal
Zucchini,1 piece,545 cal
Corn,1 slice,362 cal
Flax Seeds,2 piece,502 cal
Flax Seeds,1 piece,36 cal
Ice Cream,2 oz,154 cal
Eggplant,2 g,87 cal
Chicken Breast,1 slice,559 cal
Bell Pepper,2 oz,213 cal
Sandwich,1 g,521 cal
Brownie,2 piece,69 cal
Granola,1 oz,522 cal
Brownie,2 g,315 cal
Red Lentils,2 piece,218 cal
Bagel,2 slice,510 cal
Dates,1 cup,600 cal
Chia Seeds,1 g,254 cal
Apple Pie,1 slice,441 cal
Cucumber,2 g,556 cal
Cupcake,2 cup,166 cal
Chips,2 cup,359 cal
Basil,2 piece,124 cal
Black Beans,1 g,322 cal
Beetroot,1 cup,74 cal
Walnuts,2 g,558 cal
Donut,1 piece,258 cal
Rosemary,1 slice,131 cal
Sage,2 g,513 cal
Potato,1 oz,492 cal
Pistachios,2 g,421 cal
Salmon,2 piece,534 cal
Spinach,2 oz,398 cal
Donut,1 slice,187 cal
Turkey,1 oz,137 cal
Maple Syrup,1 g,342 cal
Lamb Chop,2 cup,179 cal
Granola,2 oz,372 cal
Kale,2 slice,269 cal
Radish,2 piece,33 cal
Avocado,2 slice,337 cal
Almonds,2 g,271 cal
Bell Pepper,2 g,68 cal
Flax Seeds,2 piece,583 cal
Brown Rice,1 oz,261 cal
Granola,2 cup,356 cal
Walnuts,1 cup,225 cal
Bacon,2 oz,373 cal
Avocado,2 slice,528 cal
Radish,1 cup,301 cal
Basil,2 cup,565 cal
Tuna,2 oz,342 cal
Cucumber,2 g,563 cal
Salmon,2 g,132 cal
Bread,2 piece,267 cal
Peas,2 piece,595 cal
Fig,1 slice,393 cal
Papaya,1 cup,329 cal
Tomato,1 slice,271 cal
Cereal,1 cup,537 cal
Mint,1 cup,207 cal
Tuna,2 cup,271 cal
Avocado,2 cup,575 cal
Beetroot,1 oz,262 cal
